[
    {
        "id": "productCurrency",
        "text": "product currency",
        "preview": "CUR",
        "groups": [
            {
                "label": "Format",
                
                "controls": [
                    {
                        "type": "radio",
                        "id": "format",
                        "options": [
                            {
                                "value": "symbol",
                                "text": "Symbol (e.g. €)"
                            },
                            {
                                "value": "short",
                                "text": "Short-form (e.g. EUR)"
                            },
                            {
                                "value": "long",
                                "text": "Long-form (e.g. Euro)"
                            }
                        ]
                    }
                ]
            }
        ]
    },
    {
        "id": "underlyingCurrency",
        "text": "underlying currency",
        "preview": "CUR",
        "groups": [
            {
                "label": "Format",
                
                "controls": [
                    {
                        "type": "radio",
                        "id": "format",
                        "options": [
                            {
                                "value": "symbol",
                                "text": "Symbol (e.g. €)"
                            },
                            {
                                "value": "short",
                                "text": "Short-form (e.g. EUR)"
                            },
                            {
                                "value": "long",
                                "text": "Long-form (e.g. Euro)"
                            }
                        ]
                    }
                ]
            }
        ]
    },
    {
        "id": "cap",
        "text": "cap",
        "preview": "<strong>&curren;</strong>##bn",
        "groups": [
            {
                "label": "Format",
                
                "controls": [
                    {
                        "type": "radio",
                        "id": "format",
                        "options": [
                            {
                                "value": "currency",
                                "text": "Currency + absolute amount"
                            },
                            {
                                "value": "absolute",
                                "text": "Absolute amount"
                            },
                            {
                                "value": "percentage",
                                "text": "Percentage (relative to initial reference price)"
                            }
                        ]
                    }
                ]
            },
            {
                "label": "Decimals",
                
                "controls": [
                    {
                        "type": "select",
                        "id": "decimals",
                        "options": [
                            {
                                "value": "default",
                                "text": "Actual"
                            },
                            {
                                "value": "1",
                                "text": "1"
                            },
                            {
                                "value": "2",
                                "text": "2"
                            },
                            {
                                "value": "2+",
                                "text": "2+"
                            },
                            {
                                "value": "2-3",
                                "text": "2-3"
                            },
                            {
                                "value": "2-4",
                                "text": "2-4"
                            },
                            {
                                "value": "2-5",
                                "text": "2-5"
                            },
                            {
                                "value": "2-6",
                                "text": "2-6"
                            },
                            {
                                "value": "2-7",
                                "text": "2-7"
                            },
                            {
                                "value": "3",
                                "text": "3"
                            },
                            {
                                "value": "4",
                                "text": "4"
                            },
                            {
                                "value": "5",
                                "text": "5"
                            },
                            {
                                "value": "6",
                                "text": "6"
                            },
                            {
                                "value": "6",
                                "text": "7"
                            }
                        ]
                    }
                ]
            }
        ]
    },
    {
        "id": "scenarioTable",
        "text": "scenario table",
        "preview": "<table class=\"scenario-table\"><tr><th>SCENARIO TABLE</th></tr><tr><td>&nbsp;</td></tr></table>",
        "groups": [
            {
                "label": "Columns",
                
                "controls": [
                    {
                        "type": "checkbox",
                        "value":"underlyingPrice",
                        "id" : "underlyingPrice",
                         "text": "Underlying price"
                    },
                    {
                        "type": "checkbox",
                        "value":"underlyingReturn",
                        "id" : "underlyingReturn",
                         "text": "Underlying return"
                    },
                    {
                        "type": "checkbox",
                        "value":"derivativePrice",
                        "id" : "derivativePrice",
                         "text": "Derivative price"
                    },
                    {           
                        "type": "checkbox",
                               
                        "id" : "derivativeReturnGross",
                        "value": "derivativeReturnGross",
                        "text": "Derivative return (gross)"
                    },
                    {          "type": "checkbox",
                                "id": "derivativeReturnNet",
                                "value": "derivativeReturnNet",
                                "text": "Derivative return (net)"
                    }]
            },

            {
                "label": "Options",
                
                "controls": [
                    {
                        "type": "checkbox",
                        "id":"colorDerivativeReturnNet",
                        "value": "colorDerivativeReturnNet",
                        "text": "Color derivative return net (red, yellow, green)"
                    }
                ]
            }
        ]
    }
]